FishDepth,Sdens,Wdens,SsmoothDens,WsmoothDens
-1,0,0,0,0
-2,0,0,0,0
-3,0,0,0,0
-4,0,0,0,0
-5,0,0,0,0
-6,0,0,0,0
-7,0,0,0.00001,0
-8,0,0,0.00002,0
-9,0,0,0.00004,0
-10,0,0,0.00008,0
-11,0,0,0.00016,0
-12,0,0,0.00032,0
-13,0,0,0.00064,0
-14,0,0,0.00128,0
-15,0,0,0.00256,0
-16,0,0,0.00128,0
-17,0,0,0.00064,0
-18,0,0,0.00032,0
-19,0,0,0.00016,0
-20,0,0,0.00008,0
